mass,
X,Y
0,37.5
1.3147699757869247,36.26705653021442
2.6343825665859577,35.23001949317739
3.9570217917675548,34.05653021442495
5.273607748184029,34.32943469785576
6.263317191283302,35.06627680311892
